{"widgets_tw-wrap.md":"a95a7ab9","widgets_tw-padding.md":"f378b7eb","core-concepts_dark-mode.md":"66f88744","core-concepts_adding-custom-styles.md":"8d4e99da","api-examples.md":"97cf1a45","extensions_methods.md":"cdb215eb","colors_dark-theme.md":"9a59ae33","widgets_tw-container.md":"565544f5","widgets_tw-button.md":"3182678e","colors_text-color.md":"9449b5f4","widgets_tw-stack.md":"d3a441cb","colors_background-color.md":"74d8da5e","widgets_tw-column.md":"90bf665f","customizations_opacity.md":"c539acdb","widgets_tw-text.md":"649b69c6","colors_gradient-color.md":"4b620507","installation.md":"de9814fb","markdown-examples.md":"1a5c8fec","effects_box-shadow.md":"673cab6e","widgets_tw-inkwell.md":"7fa7db57","customizations_spacing.md":"8a8ced49","extensions_getters.md":"6bc23b05","effects_opacity.md":"1255b626","customizations_configuration.md":"81dcb2ff","core-concepts_ui-centric.md":"7317aaf5","introduction.md":"e560d074","customizations_colors.md":"54128649","core-concepts_reusable-styles.md":"e9d16873","index.md":"287c79cc","colors_border-color.md":"bfed9116","widgets_tw-row.md":"5b96d7af","customizations_font-sizes.md":"a34bee41"}
